0,2,Control,next
1,4,Association,start
2,3,Control,next
2,1,Data,callee
4,8,Control,next
8,11,Control,next
8,6,Data,callee
8,7,Data,0
11,13,Control,next
11,8,Data,object
11,10,Data,property
11,9,Data,value
13,14,Control,next
13,8,Data,object
13,12,Data,property
14,13,Data,condition
14,21,Control,true
14,23,Control,false
17,19,Control,next
17,15,Data,object
17,16,Data,property
19,20,Control,next
19,17,Data,callee
19,18,Data,0
21,17,Control,next
22,25,Control,next
23,24,Control,next
24,25,Control,next
25,28,Control,next
25,14,Association,branch
28,30,Control,next
28,8,Data,object
28,27,Data,property
29,28,Data,left
29,26,Data,right
30,29,Data,condition
30,36,Control,true
30,38,Control,false
32,34,Control,next
32,15,Data,object
32,31,Data,property
34,35,Control,next
34,32,Data,callee
34,33,Data,0
36,32,Control,next
37,40,Control,next
38,39,Control,next
39,40,Control,next
40,43,Control,next
40,30,Association,branch
43,45,Control,next
43,8,Data,object
43,42,Data,property
44,43,Data,left
44,41,Data,right
45,44,Data,condition
45,51,Control,true
45,53,Control,false
47,49,Control,next
47,15,Data,object
47,46,Data,property
49,50,Control,next
49,47,Data,callee
49,48,Data,0
51,47,Control,next
52,55,Control,next
53,54,Control,next
54,55,Control,next
55,57,Control,next
55,45,Association,branch
57,59,Control,next
57,15,Data,object
57,56,Data,property
59,60,Control,next
59,57,Data,callee
59,58,Data,0
