0,4,Control,next
1,6,Association,start
1,8,Association,0
1,9,Association,1
1,10,Association,2
2,16,Association,start
2,18,Association,0
2,19,Association,1
2,20,Association,2
3,61,Association,start
4,5,Control,next
4,3,Data,callee
6,12,Control,next
12,13,Control,next
12,8,Data,object
12,9,Data,property
13,15,Control,next
13,12,Data,object
13,10,Data,property
14,13,Data,left
14,11,Data,right
15,14,Data,value
16,22,Control,next
22,23,Control,next
22,18,Data,object
22,19,Data,property
23,25,Control,next
23,22,Data,object
23,20,Data,property
24,23,Data,left
24,21,Data,right
25,24,Data,condition
25,30,Control,true
25,32,Control,false
28,29,Control,next
28,2,Data,callee
28,18,Data,0
28,26,Data,1
28,27,Data,2
29,28,Data,value
30,28,Control,next
31,34,Control,next
32,33,Control,next
33,34,Control,next
34,36,Control,next
34,25,Association,branch
36,37,Control,next
36,18,Data,object
36,19,Data,property
37,38,Control,next
37,36,Data,object
37,20,Data,property
37,35,Data,value
38,39,Control,next
38,1,Data,callee
38,18,Data,0
38,19,Data,1
38,20,Data,2
39,38,Data,condition
39,51,Control,true
39,53,Control,false
42,43,Control,next
42,2,Data,callee
42,18,Data,0
42,40,Data,1
42,41,Data,2
43,42,Data,condition
43,46,Control,true
43,48,Control,false
45,44,Data,value
46,45,Control,next
47,50,Control,next
48,49,Control,next
49,50,Control,next
50,52,Control,next
50,43,Association,branch
51,42,Control,next
52,55,Control,next
53,54,Control,next
54,55,Control,next
55,57,Control,next
55,39,Association,branch
57,58,Control,next
57,18,Data,object
57,19,Data,property
58,60,Control,next
58,57,Data,object
58,20,Data,property
58,56,Data,value
60,59,Data,value
61,65,Control,next
65,67,Control,next
65,63,Data,callee
65,64,Data,0
67,68,Control,next
68,69,Control,next
68,69,Association,branch
69,71,Data,condition
69,72,Control,true
69,80,Control,false
71,79,Data,left
71,70,Data,right
72,74,Control,next
74,75,Control,next
74,63,Data,callee
74,73,Data,0
75,78,Control,next
75,65,Data,object
75,79,Data,property
75,74,Data,value
77,79,Data,left
77,76,Data,right
78,68,Control,next
79,66,Data,67
79,77,Data,78
79,68,Association,merge
80,83,Control,next
83,84,Control,next
83,2,Data,callee
83,65,Data,0
83,81,Data,1
83,82,Data,2
